batch_name,rows,fraud_rate_actual,avg_predicted_risk,baseline_avg_risk,prediction_drift_score,prediction_drift_detected,max_feature_drift_score,most_drifted_feature,feature_drift_detected,missing_percentage,duplicate_rows,data_quality_issue_detected,anomaly_detected,accuracy,roc_auc,f1_score,precision,recall
batch_01_normal.csv,2000,0.016,0.24512449,0.24890198,0.003777489,False,0.0255,device_trust_score,False,0.0,0,False,False,0.67,0.5713128810975611,0.037900874635568516,0.019877675840978593,0.40625
batch_02_feature_drift.csv,2000,0.0525,0.34027246,0.24890198,0.09137048,True,0.418,login_velocity_24h,True,0.0,0,False,True,0.464,0.5548988566402815,0.10963455149501661,0.06005459508644222,0.6285714285714286
batch_03_prediction_drift.csv,2000,0.0495,0.30102614,0.24890198,0.052124158,True,0.2567,merchant_risk_score,True,0.0,0,False,True,0.553,0.5816980961641667,0.11485148514851486,0.06366630076838639,0.5858585858585859
batch_04_quality_issue.csv,2050,0.03853658536585366,0.27499783,0.24890198,0.026095852,False,0.2458878048780488,ip_risk_score,True,0.0048010269576379975,50,True,True,0.5868292682926829,0.5137275302005664,0.07228915662650602,0.039568345323741004,0.4177215189873418
